model_id,total,violations,rate
qwen3-0.6b-q4_k_m,55,54,0.9818181818181818
qwen3-1.7b-q4_k_m,55,50,0.9090909090909091
qwen3-4b-q4_k_m,55,52,0.9454545454545454
