model_id,overall_quality,n
qwen3-0.6b-q4_k_m,2.7506976744186047,1075
qwen3-1.7b-q4_k_m,3.7246511627906975,1075
qwen3-4b-q4_k_m,3.554418604651163,1075
